{
  "MAE": 0.015171473871621939,
  "RMSE": 0.02063431833302462,
  "R2": 0.7766204570310288,
  "Spearman": 0.8573640817893937
}