{
  "MAE": 0.015592370188461142,
  "RMSE": 0.02102650878123319,
  "R2": 0.7680483409065849,
  "Spearman": 0.8519722605168207
}